No.,Time,Source,Destination,Protocol,Length,Ping,seq,ttl
358,476.409781,192.168.100.1,192.168.100.2,ICMP,74,Echo (ping) request,91/23296,128 (reply in 359)
359,476.409839,192.168.100.2,192.168.100.1,ICMP,74,Echo (ping) reply,91/23296,128 (request in 358)
426,569.249874,192.168.100.2,192.168.100.1,ICMP,74,Echo (ping) request,174/44544,128 (reply in 427)
427,569.251535,192.168.100.1,192.168.100.2,ICMP,74,Echo (ping) reply,174/44544,128 (request in 426)
451,595.698277,192.168.100.2,192.168.200.1,ICMP,74,Echo (ping) request,175/44800,128 (reply in 452)
452,595.700607,192.168.200.1,192.168.100.2,ICMP,74,Echo (ping) reply,175/44800,126 (request in 451)
454,597.810384,192.168.100.2,192.168.200.2,ICMP,74,Echo (ping) request,176/45056,128 (reply in 455)
455,597.812656,192.168.200.2,192.168.100.2,ICMP,74,Echo (ping) reply,176/45056,126 (request in 454)
501,660.044009,192.168.200.1,192.168.100.2,ICMP,74,Echo (ping) request,45/11520,126 (reply in 502)
502,660.044077,192.168.100.2,192.168.200.1,ICMP,74,Echo (ping) reply,45/11520,128 (request in 501)
527,692.715131,192.168.200.2,192.168.100.2,ICMP,74,Echo (ping) request,42/10752,126 (reply in 528)
528,692.715196,192.168.100.2,192.168.200.2,ICMP,74,Echo (ping) reply,42/10752,128 (request in 527)
708,938.985595,192.168.100.2,192.168.100.1,ICMP,1242,Echo (ping) request,177/45312,128 (reply in 709)
709,938.987903,192.168.100.1,192.168.100.2,ICMP,1242,Echo (ping) reply,177/45312,128 (request in 708)
710,939.992675,192.168.100.2,192.168.100.1,ICMP,1242,Echo (ping) request,178/45568,128 (reply in 711)
711,939.995080,192.168.100.1,192.168.100.2,ICMP,1242,Echo (ping) reply,178/45568,128 (request in 710)
713,941.008314,192.168.100.2,192.168.100.1,ICMP,1242,Echo (ping) request,179/45824,128 (reply in 714)
714,941.010684,192.168.100.1,192.168.100.2,ICMP,1242,Echo (ping) reply,179/45824,128 (request in 713)
715,942.023995,192.168.100.2,192.168.100.1,ICMP,1242,Echo (ping) request,180/46080,128 (reply in 716)
716,942.026367,192.168.100.1,192.168.100.2,ICMP,1242,Echo (ping) reply,180/46080,128 (request in 715)
719,943.039626,192.168.100.2,192.168.100.1,ICMP,1242,Echo (ping) request,181/46336,128 (reply in 720)
720,943.042084,192.168.100.1,192.168.100.2,ICMP,1242,Echo (ping) reply,181/46336,128 (request in 719)
726,944.055229,192.168.100.2,192.168.100.1,ICMP,1242,Echo (ping) request,182/46592,128 (reply in 727)
727,944.057619,192.168.100.1,192.168.100.2,ICMP,1242,Echo (ping) reply,182/46592,128 (request in 726)
728,945.070868,192.168.100.2,192.168.100.1,ICMP,1242,Echo (ping) request,183/46848,128 (reply in 729)
729,945.073228,192.168.100.1,192.168.100.2,ICMP,1242,Echo (ping) reply,183/46848,128 (request in 728)
733,946.086497,192.168.100.2,192.168.100.1,ICMP,1242,Echo (ping) request,184/47104,128 (reply in 734)
734,946.088662,192.168.100.1,192.168.100.2,ICMP,1242,Echo (ping) reply,184/47104,128 (request in 733)
735,947.102166,192.168.100.2,192.168.100.1,ICMP,1242,Echo (ping) request,185/47360,128 (reply in 736)
736,947.104519,192.168.100.1,192.168.100.2,ICMP,1242,Echo (ping) reply,185/47360,128 (request in 735)
738,948.117807,192.168.100.2,192.168.100.1,ICMP,1242,Echo (ping) request,186/47616,128 (reply in 739)
739,948.120198,192.168.100.1,192.168.100.2,ICMP,1242,Echo (ping) reply,186/47616,128 (request in 738)
740,949.133466,192.168.100.2,192.168.100.1,ICMP,1242,Echo (ping) request,187/47872,128 (reply in 741)
741,949.135821,192.168.100.1,192.168.100.2,ICMP,1242,Echo (ping) reply,187/47872,128 (request in 740)
743,950.149075,192.168.100.2,192.168.100.1,ICMP,1242,Echo (ping) request,188/48128,128 (reply in 744)
744,950.151531,192.168.100.1,192.168.100.2,ICMP,1242,Echo (ping) reply,188/48128,128 (request in 743)
745,951.164683,192.168.100.2,192.168.100.1,ICMP,1242,Echo (ping) request,189/48384,128 (reply in 746)
746,951.167054,192.168.100.1,192.168.100.2,ICMP,1242,Echo (ping) reply,189/48384,128 (request in 745)
748,952.180320,192.168.100.2,192.168.100.1,ICMP,1242,Echo (ping) request,190/48640,128 (reply in 749)
749,952.182687,192.168.100.1,192.168.100.2,ICMP,1242,Echo (ping) reply,190/48640,128 (request in 748)
751,953.195957,192.168.100.2,192.168.100.1,ICMP,1242,Echo (ping) request,191/48896,128 (reply in 752)
752,953.198329,192.168.100.1,192.168.100.2,ICMP,1242,Echo (ping) reply,191/48896,128 (request in 751)
757,960.115938,192.168.200.1,192.168.100.2,ICMP,342,Echo (ping) request,48/12288,126 (reply in 758)
758,960.115998,192.168.100.2,192.168.200.1,ICMP,342,Echo (ping) reply,48/12288,128 (request in 757)
759,961.132370,192.168.200.1,192.168.100.2,ICMP,342,Echo (ping) request,49/12544,126 (reply in 760)
760,961.132432,192.168.100.2,192.168.200.1,ICMP,342,Echo (ping) reply,49/12544,128 (request in 759)
762,962.146662,192.168.200.1,192.168.100.2,ICMP,342,Echo (ping) request,50/12800,126 (reply in 763)
763,962.146723,192.168.100.2,192.168.200.1,ICMP,342,Echo (ping) reply,50/12800,128 (request in 762)
765,963.150351,192.168.200.1,192.168.100.2,ICMP,342,Echo (ping) request,51/13056,126 (reply in 766)
766,963.150402,192.168.100.2,192.168.200.1,ICMP,342,Echo (ping) reply,51/13056,128 (request in 765)
768,964.165974,192.168.200.1,192.168.100.2,ICMP,342,Echo (ping) request,52/13312,126 (reply in 769)
769,964.166025,192.168.100.2,192.168.200.1,ICMP,342,Echo (ping) reply,52/13312,128 (request in 768)
772,965.169518,192.168.200.1,192.168.100.2,ICMP,342,Echo (ping) request,53/13568,126 (reply in 773)
773,965.169567,192.168.100.2,192.168.200.1,ICMP,342,Echo (ping) reply,53/13568,128 (request in 772)
775,966.183539,192.168.200.1,192.168.100.2,ICMP,342,Echo (ping) request,54/13824,126 (reply in 776)
776,966.183590,192.168.100.2,192.168.200.1,ICMP,342,Echo (ping) reply,54/13824,128 (request in 775)
777,967.188174,192.168.200.1,192.168.100.2,ICMP,342,Echo (ping) request,55/14080,126 (reply in 778)
778,967.188235,192.168.100.2,192.168.200.1,ICMP,342,Echo (ping) reply,55/14080,128 (request in 777)
780,968.191327,192.168.200.1,192.168.100.2,ICMP,342,Echo (ping) request,56/14336,126 (reply in 781)
781,968.191386,192.168.100.2,192.168.200.1,ICMP,342,Echo (ping) reply,56/14336,128 (request in 780)
782,969.204373,192.168.200.1,192.168.100.2,ICMP,342,Echo (ping) request,57/14592,126 (reply in 783)
783,969.204433,192.168.100.2,192.168.200.1,ICMP,342,Echo (ping) reply,57/14592,128 (request in 782)
785,970.213580,192.168.200.1,192.168.100.2,ICMP,342,Echo (ping) request,58/14848,126 (reply in 786)
786,970.213644,192.168.100.2,192.168.200.1,ICMP,342,Echo (ping) reply,58/14848,128 (request in 785)
787,971.217126,192.168.200.1,192.168.100.2,ICMP,342,Echo (ping) request,59/15104,126 (reply in 788)
788,971.217186,192.168.100.2,192.168.200.1,ICMP,342,Echo (ping) reply,59/15104,128 (request in 787)
790,972.226769,192.168.200.1,192.168.100.2,ICMP,342,Echo (ping) request,60/15360,126 (reply in 791)
791,972.226829,192.168.100.2,192.168.200.1,ICMP,342,Echo (ping) reply,60/15360,128 (request in 790)
793,973.243964,192.168.200.1,192.168.100.2,ICMP,342,Echo (ping) request,61/15616,126 (reply in 794)
794,973.244011,192.168.100.2,192.168.200.1,ICMP,342,Echo (ping) reply,61/15616,128 (request in 793)
796,974.257187,192.168.200.1,192.168.100.2,ICMP,342,Echo (ping) request,62/15872,126 (reply in 797)
797,974.257248,192.168.100.2,192.168.200.1,ICMP,342,Echo (ping) reply,62/15872,128 (request in 796)
798,975.274288,192.168.200.1,192.168.100.2,ICMP,342,Echo (ping) request,63/16128,126 (reply in 799)
799,975.274375,192.168.100.2,192.168.200.1,ICMP,342,Echo (ping) reply,63/16128,128 (request in 798)
849,1044.226525,192.168.100.2,192.168.200.1,ICMP,142,Echo (ping) request,192/49152,128 (reply in 850)
850,1044.228968,192.168.200.1,192.168.100.2,ICMP,142,Echo (ping) reply,192/49152,126 (request in 849)
853,1045.243920,192.168.100.2,192.168.200.1,ICMP,142,Echo (ping) request,193/49408,128 (reply in 854)
854,1045.246333,192.168.200.1,192.168.100.2,ICMP,142,Echo (ping) reply,193/49408,126 (request in 853)
856,1046.259581,192.168.100.2,192.168.200.1,ICMP,142,Echo (ping) request,194/49664,128 (reply in 857)
857,1046.261965,192.168.200.1,192.168.100.2,ICMP,142,Echo (ping) reply,194/49664,126 (request in 856)
858,1047.275217,192.168.100.2,192.168.200.1,ICMP,142,Echo (ping) request,195/49920,128 (reply in 859)
859,1047.277601,192.168.200.1,192.168.100.2,ICMP,142,Echo (ping) reply,195/49920,126 (request in 858)
863,1048.290849,192.168.100.2,192.168.200.1,ICMP,142,Echo (ping) request,196/50176,128 (reply in 864)
864,1048.293369,192.168.200.1,192.168.100.2,ICMP,142,Echo (ping) reply,196/50176,126 (request in 863)
867,1049.306569,192.168.100.2,192.168.200.1,ICMP,142,Echo (ping) request,197/50432,128 (reply in 868)
868,1049.309075,192.168.200.1,192.168.100.2,ICMP,142,Echo (ping) reply,197/50432,126 (request in 867)
870,1050.322105,192.168.100.2,192.168.200.1,ICMP,142,Echo (ping) request,198/50688,128 (reply in 871)
871,1050.324464,192.168.200.1,192.168.100.2,ICMP,142,Echo (ping) reply,198/50688,126 (request in 870)
872,1051.337761,192.168.100.2,192.168.200.1,ICMP,142,Echo (ping) request,199/50944,128 (reply in 873)
873,1051.340171,192.168.200.1,192.168.100.2,ICMP,142,Echo (ping) reply,199/50944,126 (request in 872)
882,1059.488175,192.168.100.1,192.168.100.2,ICMP,842,Echo (ping) request,111/28416,128 (reply in 883)
883,1059.488234,192.168.100.2,192.168.100.1,ICMP,842,Echo (ping) reply,111/28416,128 (request in 882)
885,1060.498575,192.168.100.1,192.168.100.2,ICMP,842,Echo (ping) request,112/28672,128 (reply in 886)
886,1060.498628,192.168.100.2,192.168.100.1,ICMP,842,Echo (ping) reply,112/28672,128 (request in 885)
887,1061.514259,192.168.100.1,192.168.100.2,ICMP,842,Echo (ping) request,113/28928,128 (reply in 888)
888,1061.514310,192.168.100.2,192.168.100.1,ICMP,842,Echo (ping) reply,113/28928,128 (request in 887)
890,1062.529887,192.168.100.1,192.168.100.2,ICMP,842,Echo (ping) request,114/29184,128 (reply in 891)
891,1062.529939,192.168.100.2,192.168.100.1,ICMP,842,Echo (ping) reply,114/29184,128 (request in 890)
893,1063.545536,192.168.100.1,192.168.100.2,ICMP,842,Echo (ping) request,115/29440,128 (reply in 894)
894,1063.545593,192.168.100.2,192.168.100.1,ICMP,842,Echo (ping) reply,115/29440,128 (request in 893)
900,1064.561160,192.168.100.1,192.168.100.2,ICMP,842,Echo (ping) request,116/29696,128 (reply in 901)
901,1064.561216,192.168.100.2,192.168.100.1,ICMP,842,Echo (ping) reply,116/29696,128 (request in 900)
904,1065.576838,192.168.100.1,192.168.100.2,ICMP,842,Echo (ping) request,117/29952,128 (reply in 905)
905,1065.576890,192.168.100.2,192.168.100.1,ICMP,842,Echo (ping) reply,117/29952,128 (request in 904)
907,1066.592487,192.168.100.1,192.168.100.2,ICMP,842,Echo (ping) request,118/30208,128 (reply in 908)
908,1066.592544,192.168.100.2,192.168.100.1,ICMP,842,Echo (ping) reply,118/30208,128 (request in 907)
909,1067.608137,192.168.100.1,192.168.100.2,ICMP,842,Echo (ping) request,119/30464,128 (reply in 910)
910,1067.608189,192.168.100.2,192.168.100.1,ICMP,842,Echo (ping) reply,119/30464,128 (request in 909)
912,1068.623773,192.168.100.1,192.168.100.2,ICMP,842,Echo (ping) request,120/30720,128 (reply in 913)
913,1068.623824,192.168.100.2,192.168.100.1,ICMP,842,Echo (ping) reply,120/30720,128 (request in 912)
914,1069.639390,192.168.100.1,192.168.100.2,ICMP,842,Echo (ping) request,121/30976,128 (reply in 915)
915,1069.639447,192.168.100.2,192.168.100.1,ICMP,842,Echo (ping) reply,121/30976,128 (request in 914)
917,1070.655056,192.168.100.1,192.168.100.2,ICMP,842,Echo (ping) request,122/31232,128 (reply in 918)
918,1070.655109,192.168.100.2,192.168.100.1,ICMP,842,Echo (ping) reply,122/31232,128 (request in 917)
919,1071.670735,192.168.100.1,192.168.100.2,ICMP,842,Echo (ping) request,123/31488,128 (reply in 920)
920,1071.670788,192.168.100.2,192.168.100.1,ICMP,842,Echo (ping) reply,123/31488,128 (request in 919)
922,1072.686317,192.168.100.1,192.168.100.2,ICMP,842,Echo (ping) request,124/31744,128 (reply in 923)
923,1072.686373,192.168.100.2,192.168.100.1,ICMP,842,Echo (ping) reply,124/31744,128 (request in 922)
925,1073.702055,192.168.100.1,192.168.100.2,ICMP,842,Echo (ping) request,125/32000,128 (reply in 926)
926,1073.702107,192.168.100.2,192.168.100.1,ICMP,842,Echo (ping) reply,125/32000,128 (request in 925)
928,1074.717638,192.168.100.1,192.168.100.2,ICMP,842,Echo (ping) request,126/32256,128 (reply in 929)
929,1074.717694,192.168.100.2,192.168.100.1,ICMP,842,Echo (ping) reply,126/32256,128 (request in 928)
930,1075.733325,192.168.100.1,192.168.100.2,ICMP,842,Echo (ping) request,127/32512,128 (reply in 931)
931,1075.733379,192.168.100.2,192.168.100.1,ICMP,842,Echo (ping) reply,127/32512,128 (request in 930)
933,1076.748935,192.168.100.1,192.168.100.2,ICMP,842,Echo (ping) request,128/32768,128 (reply in 934)
934,1076.748988,192.168.100.2,192.168.100.1,ICMP,842,Echo (ping) reply,128/32768,128 (request in 933)
935,1077.764591,192.168.100.1,192.168.100.2,ICMP,842,Echo (ping) request,129/33024,128 (reply in 936)
936,1077.764649,192.168.100.2,192.168.100.1,ICMP,842,Echo (ping) reply,129/33024,128 (request in 935)
938,1078.780279,192.168.100.1,192.168.100.2,ICMP,842,Echo (ping) request,130/33280,128 (reply in 939)
939,1078.780331,192.168.100.2,192.168.100.1,ICMP,842,Echo (ping) reply,130/33280,128 (request in 938)
940,1079.795909,192.168.100.1,192.168.100.2,ICMP,842,Echo (ping) request,131/33536,128 (reply in 941)
941,1079.795964,192.168.100.2,192.168.100.1,ICMP,842,Echo (ping) reply,131/33536,128 (request in 940)
943,1080.811577,192.168.100.1,192.168.100.2,ICMP,842,Echo (ping) request,132/33792,128 (reply in 944)
944,1080.811629,192.168.100.2,192.168.100.1,ICMP,842,Echo (ping) reply,132/33792,128 (request in 943)
945,1081.827189,192.168.100.1,192.168.100.2,ICMP,842,Echo (ping) request,133/34048,128 (reply in 946)
946,1081.827241,192.168.100.2,192.168.100.1,ICMP,842,Echo (ping) reply,133/34048,128 (request in 945)
948,1082.842854,192.168.100.1,192.168.100.2,ICMP,842,Echo (ping) request,134/34304,128 (reply in 949)
949,1082.842907,192.168.100.2,192.168.100.1,ICMP,842,Echo (ping) reply,134/34304,128 (request in 948)
951,1083.858476,192.168.100.1,192.168.100.2,ICMP,842,Echo (ping) request,135/34560,128 (reply in 952)
952,1083.858529,192.168.100.2,192.168.100.1,ICMP,842,Echo (ping) reply,135/34560,128 (request in 951)
954,1084.874134,192.168.100.1,192.168.100.2,ICMP,842,Echo (ping) request,136/34816,128 (reply in 955)
955,1084.874185,192.168.100.2,192.168.100.1,ICMP,842,Echo (ping) reply,136/34816,128 (request in 954)
956,1085.889857,192.168.100.1,192.168.100.2,ICMP,842,Echo (ping) request,137/35072,128 (reply in 957)
957,1085.889908,192.168.100.2,192.168.100.1,ICMP,842,Echo (ping) reply,137/35072,128 (request in 956)
959,1086.905457,192.168.100.1,192.168.100.2,ICMP,842,Echo (ping) request,138/35328,128 (reply in 960)
960,1086.905508,192.168.100.2,192.168.100.1,ICMP,842,Echo (ping) reply,138/35328,128 (request in 959)
963,1087.921121,192.168.100.1,192.168.100.2,ICMP,842,Echo (ping) request,139/35584,128 (reply in 964)
964,1087.921173,192.168.100.2,192.168.100.1,ICMP,842,Echo (ping) reply,139/35584,128 (request in 963)
966,1088.936737,192.168.100.1,192.168.100.2,ICMP,842,Echo (ping) request,140/35840,128 (reply in 967)
967,1088.936790,192.168.100.2,192.168.100.1,ICMP,842,Echo (ping) reply,140/35840,128 (request in 966)
968,1089.952374,192.168.100.1,192.168.100.2,ICMP,842,Echo (ping) request,141/36096,128 (reply in 969)
969,1089.952428,192.168.100.2,192.168.100.1,ICMP,842,Echo (ping) reply,141/36096,128 (request in 968)
971,1090.968020,192.168.100.1,192.168.100.2,ICMP,842,Echo (ping) request,142/36352,128 (reply in 972)
972,1090.968071,192.168.100.2,192.168.100.1,ICMP,842,Echo (ping) reply,142/36352,128 (request in 971)
973,1091.983733,192.168.100.1,192.168.100.2,ICMP,842,Echo (ping) request,143/36608,128 (reply in 974)
974,1091.983785,192.168.100.2,192.168.100.1,ICMP,842,Echo (ping) reply,143/36608,128 (request in 973)
977,1092.999365,192.168.100.1,192.168.100.2,ICMP,842,Echo (ping) request,144/36864,128 (reply in 978)
978,1092.999417,192.168.100.2,192.168.100.1,ICMP,842,Echo (ping) reply,144/36864,128 (request in 977)
979,1094.014990,192.168.100.1,192.168.100.2,ICMP,842,Echo (ping) request,145/37120,128 (reply in 980)
980,1094.015041,192.168.100.2,192.168.100.1,ICMP,842,Echo (ping) reply,145/37120,128 (request in 979)
984,1095.030709,192.168.100.1,192.168.100.2,ICMP,842,Echo (ping) request,146/37376,128 (reply in 985)
985,1095.030759,192.168.100.2,192.168.100.1,ICMP,842,Echo (ping) reply,146/37376,128 (request in 984)
989,1096.046265,192.168.100.1,192.168.100.2,ICMP,842,Echo (ping) request,147/37632,128 (reply in 990)
990,1096.046316,192.168.100.2,192.168.100.1,ICMP,842,Echo (ping) reply,147/37632,128 (request in 989)
991,1097.062008,192.168.100.1,192.168.100.2,ICMP,842,Echo (ping) request,148/37888,128 (reply in 992)
992,1097.062059,192.168.100.2,192.168.100.1,ICMP,842,Echo (ping) reply,148/37888,128 (request in 991)
994,1098.077559,192.168.100.1,192.168.100.2,ICMP,842,Echo (ping) request,149/38144,128 (reply in 995)
995,1098.077610,192.168.100.2,192.168.100.1,ICMP,842,Echo (ping) reply,149/38144,128 (request in 994)
996,1099.093214,192.168.100.1,192.168.100.2,ICMP,842,Echo (ping) request,150/38400,128 (reply in 997)
997,1099.093264,192.168.100.2,192.168.100.1,ICMP,842,Echo (ping) reply,150/38400,128 (request in 996)
999,1100.108917,192.168.100.1,192.168.100.2,ICMP,842,Echo (ping) request,151/38656,128 (reply in 1000)
1000,1100.108971,192.168.100.2,192.168.100.1,ICMP,842,Echo (ping) reply,151/38656,128 (request in 999)
1001,1101.124552,192.168.100.1,192.168.100.2,ICMP,842,Echo (ping) request,152/38912,128 (reply in 1002)
1002,1101.124605,192.168.100.2,192.168.100.1,ICMP,842,Echo (ping) reply,152/38912,128 (request in 1001)
1004,1102.140191,192.168.100.1,192.168.100.2,ICMP,842,Echo (ping) request,153/39168,128 (reply in 1005)
1005,1102.140242,192.168.100.2,192.168.100.1,ICMP,842,Echo (ping) reply,153/39168,128 (request in 1004)
1007,1103.155842,192.168.100.1,192.168.100.2,ICMP,842,Echo (ping) request,154/39424,128 (reply in 1008)
1008,1103.155894,192.168.100.2,192.168.100.1,ICMP,842,Echo (ping) reply,154/39424,128 (request in 1007)
1010,1104.171480,192.168.100.1,192.168.100.2,ICMP,842,Echo (ping) request,155/39680,128 (reply in 1011)
1011,1104.171530,192.168.100.2,192.168.100.1,ICMP,842,Echo (ping) reply,155/39680,128 (request in 1010)
1012,1105.187110,192.168.100.1,192.168.100.2,ICMP,842,Echo (ping) request,156/39936,128 (reply in 1013)
1013,1105.187161,192.168.100.2,192.168.100.1,ICMP,842,Echo (ping) reply,156/39936,128 (request in 1012)
1015,1106.202757,192.168.100.1,192.168.100.2,ICMP,842,Echo (ping) request,157/40192,128 (reply in 1016)
1016,1106.202807,192.168.100.2,192.168.100.1,ICMP,842,Echo (ping) reply,157/40192,128 (request in 1015)
1017,1107.218450,192.168.100.1,192.168.100.2,ICMP,842,Echo (ping) request,158/40448,128 (reply in 1018)
1018,1107.218500,192.168.100.2,192.168.100.1,ICMP,842,Echo (ping) reply,158/40448,128 (request in 1017)
1020,1108.234093,192.168.100.1,192.168.100.2,ICMP,842,Echo (ping) request,159/40704,128 (reply in 1021)
1021,1108.234143,192.168.100.2,192.168.100.1,ICMP,842,Echo (ping) reply,159/40704,128 (request in 1020)
1022,1109.249756,192.168.100.1,192.168.100.2,ICMP,842,Echo (ping) request,160/40960,128 (reply in 1023)
1023,1109.249805,192.168.100.2,192.168.100.1,ICMP,842,Echo (ping) reply,160/40960,128 (request in 1022)
1025,1110.265362,192.168.100.1,192.168.100.2,ICMP,842,Echo (ping) request,161/41216,128 (reply in 1026)
1026,1110.265414,192.168.100.2,192.168.100.1,ICMP,842,Echo (ping) reply,161/41216,128 (request in 1025)
1027,1111.281052,192.168.100.1,192.168.100.2,ICMP,842,Echo (ping) request,162/41472,128 (reply in 1028)
1028,1111.281102,192.168.100.2,192.168.100.1,ICMP,842,Echo (ping) reply,162/41472,128 (request in 1027)
1031,1112.296703,192.168.100.1,192.168.100.2,ICMP,842,Echo (ping) request,163/41728,128 (reply in 1032)
1032,1112.296754,192.168.100.2,192.168.100.1,ICMP,842,Echo (ping) reply,163/41728,128 (request in 1031)
1034,1113.312344,192.168.100.1,192.168.100.2,ICMP,842,Echo (ping) request,164/41984,128 (reply in 1035)
1035,1113.312395,192.168.100.2,192.168.100.1,ICMP,842,Echo (ping) reply,164/41984,128 (request in 1034)
1037,1114.327983,192.168.100.1,192.168.100.2,ICMP,842,Echo (ping) request,165/42240,128 (reply in 1038)
1038,1114.328033,192.168.100.2,192.168.100.1,ICMP,842,Echo (ping) reply,165/42240,128 (request in 1037)
1039,1115.343596,192.168.100.1,192.168.100.2,ICMP,842,Echo (ping) request,166/42496,128 (reply in 1040)
1040,1115.343647,192.168.100.2,192.168.100.1,ICMP,842,Echo (ping) reply,166/42496,128 (request in 1039)
1042,1116.359338,192.168.100.1,192.168.100.2,ICMP,842,Echo (ping) request,167/42752,128 (reply in 1043)
1043,1116.359389,192.168.100.2,192.168.100.1,ICMP,842,Echo (ping) reply,167/42752,128 (request in 1042)
1044,1117.374919,192.168.100.1,192.168.100.2,ICMP,842,Echo (ping) request,168/43008,128 (reply in 1045)
1045,1117.374969,192.168.100.2,192.168.100.1,ICMP,842,Echo (ping) reply,168/43008,128 (request in 1044)
1048,1118.390544,192.168.100.1,192.168.100.2,ICMP,842,Echo (ping) request,169/43264,128 (reply in 1049)
1049,1118.390596,192.168.100.2,192.168.100.1,ICMP,842,Echo (ping) reply,169/43264,128 (request in 1048)
1050,1119.406193,192.168.100.1,192.168.100.2,ICMP,842,Echo (ping) request,170/43520,128 (reply in 1051)
1051,1119.406245,192.168.100.2,192.168.100.1,ICMP,842,Echo (ping) reply,170/43520,128 (request in 1050)
1054,1120.421941,192.168.100.1,192.168.100.2,ICMP,842,Echo (ping) request,171/43776,128 (reply in 1055)
1055,1120.421992,192.168.100.2,192.168.100.1,ICMP,842,Echo (ping) reply,171/43776,128 (request in 1054)
1057,1121.437245,192.168.100.1,192.168.100.2,ICMP,842,Echo (ping) request,172/44032,128 (reply in 1058)
1058,1121.437306,192.168.100.2,192.168.100.1,ICMP,842,Echo (ping) reply,172/44032,128 (request in 1057)
1060,1122.453141,192.168.100.1,192.168.100.2,ICMP,842,Echo (ping) request,173/44288,128 (reply in 1061)
1061,1122.453195,192.168.100.2,192.168.100.1,ICMP,842,Echo (ping) reply,173/44288,128 (request in 1060)
1064,1123.468795,192.168.100.1,192.168.100.2,ICMP,842,Echo (ping) request,174/44544,128 (reply in 1065)
1065,1123.468847,192.168.100.2,192.168.100.1,ICMP,842,Echo (ping) reply,174/44544,128 (request in 1064)
1100,1157.161919,192.168.100.2,192.168.200.2,ICMP,242,Echo (ping) request,200/51200,128 (reply in 1101)
1101,1157.164485,192.168.200.2,192.168.100.2,ICMP,242,Echo (ping) reply,200/51200,126 (request in 1100)
1103,1158.167132,192.168.100.2,192.168.200.2,ICMP,242,Echo (ping) request,201/51456,128 (reply in 1104)
1104,1158.169544,192.168.200.2,192.168.100.2,ICMP,242,Echo (ping) reply,201/51456,126 (request in 1103)
1105,1159.182801,192.168.100.2,192.168.200.2,ICMP,242,Echo (ping) request,202/51712,128 (reply in 1106)
1106,1159.185438,192.168.200.2,192.168.100.2,ICMP,242,Echo (ping) reply,202/51712,126 (request in 1105)
1108,1160.198409,192.168.100.2,192.168.200.2,ICMP,242,Echo (ping) request,203/51968,128 (reply in 1109)
1109,1160.200949,192.168.200.2,192.168.100.2,ICMP,242,Echo (ping) reply,203/51968,126 (request in 1108)
1110,1161.214075,192.168.100.2,192.168.200.2,ICMP,242,Echo (ping) request,204/52224,128 (reply in 1111)
1111,1161.216600,192.168.200.2,192.168.100.2,ICMP,242,Echo (ping) reply,204/52224,126 (request in 1110)
1115,1162.229739,192.168.100.2,192.168.200.2,ICMP,242,Echo (ping) request,205/52480,128 (reply in 1116)
1116,1162.232322,192.168.200.2,192.168.100.2,ICMP,242,Echo (ping) reply,205/52480,126 (request in 1115)
1118,1163.245369,192.168.100.2,192.168.200.2,ICMP,242,Echo (ping) request,206/52736,128 (reply in 1119)
1119,1163.247960,192.168.200.2,192.168.100.2,ICMP,242,Echo (ping) reply,206/52736,126 (request in 1118)
1137,1187.524916,192.168.200.2,192.168.100.2,ICMP,1242,Echo (ping) request,74/18944,126 (reply in 1138)
1138,1187.524972,192.168.100.2,192.168.200.2,ICMP,1242,Echo (ping) reply,74/18944,128 (request in 1137)
1140,1188.535583,192.168.200.2,192.168.100.2,ICMP,1242,Echo (ping) request,75/19200,126 (reply in 1141)
1141,1188.535643,192.168.100.2,192.168.200.2,ICMP,1242,Echo (ping) reply,75/19200,128 (request in 1140)
1142,1189.551251,192.168.200.2,192.168.100.2,ICMP,1242,Echo (ping) request,76/19456,126 (reply in 1143)
1143,1189.551311,192.168.100.2,192.168.200.2,ICMP,1242,Echo (ping) reply,76/19456,128 (request in 1142)
1145,1190.569274,192.168.200.2,192.168.100.2,ICMP,1242,Echo (ping) request,77/19712,126 (reply in 1146)
1146,1190.569335,192.168.100.2,192.168.200.2,ICMP,1242,Echo (ping) reply,77/19712,128 (request in 1145)
1147,1191.584555,192.168.200.2,192.168.100.2,ICMP,1242,Echo (ping) request,78/19968,126 (reply in 1148)
1148,1191.584605,192.168.100.2,192.168.200.2,ICMP,1242,Echo (ping) reply,78/19968,128 (request in 1147)
1152,1192.600473,192.168.200.2,192.168.100.2,ICMP,1242,Echo (ping) request,79/20224,126 (reply in 1153)
1153,1192.600532,192.168.100.2,192.168.200.2,ICMP,1242,Echo (ping) reply,79/20224,128 (request in 1152)
1155,1193.603767,192.168.200.2,192.168.100.2,ICMP,1242,Echo (ping) request,80/20480,126 (reply in 1156)
1156,1193.603817,192.168.100.2,192.168.200.2,ICMP,1242,Echo (ping) reply,80/20480,128 (request in 1155)
1158,1194.610204,192.168.200.2,192.168.100.2,ICMP,1242,Echo (ping) request,81/20736,126 (reply in 1159)
1159,1194.610256,192.168.100.2,192.168.200.2,ICMP,1242,Echo (ping) reply,81/20736,128 (request in 1158)
1160,1195.625564,192.168.200.2,192.168.100.2,ICMP,1242,Echo (ping) request,82/20992,126 (reply in 1161)
1161,1195.625624,192.168.100.2,192.168.200.2,ICMP,1242,Echo (ping) reply,82/20992,128 (request in 1160)
1163,1196.638523,192.168.200.2,192.168.100.2,ICMP,1242,Echo (ping) request,83/21248,126 (reply in 1164)
1164,1196.638585,192.168.100.2,192.168.200.2,ICMP,1242,Echo (ping) reply,83/21248,128 (request in 1163)
1165,1197.649873,192.168.200.2,192.168.100.2,ICMP,1242,Echo (ping) request,84/21504,126 (reply in 1166)
1166,1197.649937,192.168.100.2,192.168.200.2,ICMP,1242,Echo (ping) reply,84/21504,128 (request in 1165)
1168,1198.659266,192.168.200.2,192.168.100.2,ICMP,1242,Echo (ping) request,85/21760,126 (reply in 1169)
1169,1198.659318,192.168.100.2,192.168.200.2,ICMP,1242,Echo (ping) reply,85/21760,128 (request in 1168)
1170,1199.665637,192.168.200.2,192.168.100.2,ICMP,1242,Echo (ping) request,86/22016,126 (reply in 1171)
1171,1199.665697,192.168.100.2,192.168.200.2,ICMP,1242,Echo (ping) reply,86/22016,128 (request in 1170)
1173,1200.668722,192.168.200.2,192.168.100.2,ICMP,1242,Echo (ping) request,87/22272,126 (reply in 1174)
1174,1200.668773,192.168.100.2,192.168.200.2,ICMP,1242,Echo (ping) reply,87/22272,128 (request in 1173)
1175,1201.683167,192.168.200.2,192.168.100.2,ICMP,1242,Echo (ping) request,88/22528,126 (reply in 1176)
1176,1201.683232,192.168.100.2,192.168.200.2,ICMP,1242,Echo (ping) reply,88/22528,128 (request in 1175)
1188,1215.515061,192.168.200.2,192.168.100.2,ICMP,542,Echo (ping) request,89/22784,126 (reply in 1189)
1189,1215.515123,192.168.100.2,192.168.200.2,ICMP,542,Echo (ping) reply,89/22784,128 (request in 1188)
1191,1216.522534,192.168.200.2,192.168.100.2,ICMP,542,Echo (ping) request,90/23040,126 (reply in 1192)
1192,1216.522596,192.168.100.2,192.168.200.2,ICMP,542,Echo (ping) reply,90/23040,128 (request in 1191)
1193,1217.535725,192.168.200.2,192.168.100.2,ICMP,542,Echo (ping) request,91/23296,126 (reply in 1194)
1194,1217.535777,192.168.100.2,192.168.200.2,ICMP,542,Echo (ping) reply,91/23296,128 (request in 1193)
1196,1218.537985,192.168.200.2,192.168.100.2,ICMP,542,Echo (ping) request,92/23552,126 (reply in 1197)
1197,1218.538046,192.168.100.2,192.168.200.2,ICMP,542,Echo (ping) reply,92/23552,128 (request in 1196)
1198,1219.542803,192.168.200.2,192.168.100.2,ICMP,542,Echo (ping) request,93/23808,126 (reply in 1199)
1199,1219.542875,192.168.100.2,192.168.200.2,ICMP,542,Echo (ping) reply,93/23808,128 (request in 1198)
1201,1220.552657,192.168.200.2,192.168.100.2,ICMP,542,Echo (ping) request,94/24064,126 (reply in 1202)
1202,1220.552707,192.168.100.2,192.168.200.2,ICMP,542,Echo (ping) reply,94/24064,128 (request in 1201)
1203,1221.565071,192.168.200.2,192.168.100.2,ICMP,542,Echo (ping) request,95/24320,126 (reply in 1204)
1204,1221.565133,192.168.100.2,192.168.200.2,ICMP,542,Echo (ping) reply,95/24320,128 (request in 1203)
1208,1222.572216,192.168.200.2,192.168.100.2,ICMP,542,Echo (ping) request,96/24576,126 (reply in 1209)
1209,1222.572266,192.168.100.2,192.168.200.2,ICMP,542,Echo (ping) reply,96/24576,128 (request in 1208)
1211,1223.578307,192.168.200.2,192.168.100.2,ICMP,542,Echo (ping) request,97/24832,126 (reply in 1212)
1212,1223.578358,192.168.100.2,192.168.200.2,ICMP,542,Echo (ping) reply,97/24832,128 (request in 1211)
1214,1224.582069,192.168.200.2,192.168.100.2,ICMP,542,Echo (ping) request,98/25088,126 (reply in 1215)
1215,1224.582129,192.168.100.2,192.168.200.2,ICMP,542,Echo (ping) reply,98/25088,128 (request in 1214)
1216,1225.592037,192.168.200.2,192.168.100.2,ICMP,542,Echo (ping) request,99/25344,126 (reply in 1217)
1217,1225.592090,192.168.100.2,192.168.200.2,ICMP,542,Echo (ping) reply,99/25344,128 (request in 1216)
1220,1226.608221,192.168.200.2,192.168.100.2,ICMP,542,Echo (ping) request,100/25600,126 (reply in 1221)
1221,1226.608282,192.168.100.2,192.168.200.2,ICMP,542,Echo (ping) reply,100/25600,128 (request in 1220)
1222,1227.621278,192.168.200.2,192.168.100.2,ICMP,542,Echo (ping) request,101/25856,126 (reply in 1223)
1223,1227.621329,192.168.100.2,192.168.200.2,ICMP,542,Echo (ping) reply,101/25856,128 (request in 1222)
1225,1228.629381,192.168.200.2,192.168.100.2,ICMP,542,Echo (ping) request,102/26112,126 (reply in 1226)
1226,1228.629441,192.168.100.2,192.168.200.2,ICMP,542,Echo (ping) reply,102/26112,128 (request in 1225)
1227,1229.644379,192.168.200.2,192.168.100.2,ICMP,542,Echo (ping) request,103/26368,126 (reply in 1228)
1228,1229.644430,192.168.100.2,192.168.200.2,ICMP,542,Echo (ping) reply,103/26368,128 (request in 1227)
1230,1230.648437,192.168.200.2,192.168.100.2,ICMP,542,Echo (ping) request,104/26624,126 (reply in 1231)
1231,1230.648489,192.168.100.2,192.168.200.2,ICMP,542,Echo (ping) reply,104/26624,128 (request in 1230)
1232,1231.650828,192.168.200.2,192.168.100.2,ICMP,542,Echo (ping) request,105/26880,126 (reply in 1233)
1233,1231.650879,192.168.100.2,192.168.200.2,ICMP,542,Echo (ping) reply,105/26880,128 (request in 1232)
1236,1232.661001,192.168.200.2,192.168.100.2,ICMP,542,Echo (ping) request,106/27136,126 (reply in 1237)
1237,1232.661052,192.168.100.2,192.168.200.2,ICMP,542,Echo (ping) reply,106/27136,128 (request in 1236)
1239,1233.663458,192.168.200.2,192.168.100.2,ICMP,542,Echo (ping) request,107/27392,126 (reply in 1240)
1240,1233.663518,192.168.100.2,192.168.200.2,ICMP,542,Echo (ping) reply,107/27392,128 (request in 1239)
1242,1234.666287,192.168.200.2,192.168.100.2,ICMP,542,Echo (ping) request,108/27648,126 (reply in 1243)
1243,1234.666348,192.168.100.2,192.168.200.2,ICMP,542,Echo (ping) reply,108/27648,128 (request in 1242)
1244,1235.680686,192.168.200.2,192.168.100.2,ICMP,542,Echo (ping) request,109/27904,126 (reply in 1245)
1245,1235.680740,192.168.100.2,192.168.200.2,ICMP,542,Echo (ping) reply,109/27904,128 (request in 1244)
1247,1236.690351,192.168.200.2,192.168.100.2,ICMP,542,Echo (ping) request,110/28160,126 (reply in 1248)
1248,1236.690411,192.168.100.2,192.168.200.2,ICMP,542,Echo (ping) reply,110/28160,128 (request in 1247)
1249,1237.694073,192.168.200.2,192.168.100.2,ICMP,542,Echo (ping) request,111/28416,126 (reply in 1250)
1250,1237.694125,192.168.100.2,192.168.200.2,ICMP,542,Echo (ping) reply,111/28416,128 (request in 1249)
1252,1238.711559,192.168.200.2,192.168.100.2,ICMP,542,Echo (ping) request,112/28672,126 (reply in 1253)
1253,1238.711621,192.168.100.2,192.168.200.2,ICMP,542,Echo (ping) reply,112/28672,128 (request in 1252)
1254,1239.718495,192.168.200.2,192.168.100.2,ICMP,542,Echo (ping) request,113/28928,126 (reply in 1255)
1255,1239.718556,192.168.100.2,192.168.200.2,ICMP,542,Echo (ping) reply,113/28928,128 (request in 1254)
1257,1240.729171,192.168.200.2,192.168.100.2,ICMP,542,Echo (ping) request,114/29184,126 (reply in 1258)
1258,1240.729235,192.168.100.2,192.168.200.2,ICMP,542,Echo (ping) reply,114/29184,128 (request in 1257)
1259,1241.734498,192.168.200.2,192.168.100.2,ICMP,542,Echo (ping) request,115/29440,126 (reply in 1260)
1260,1241.734558,192.168.100.2,192.168.200.2,ICMP,542,Echo (ping) reply,115/29440,128 (request in 1259)
1262,1242.737439,192.168.200.2,192.168.100.2,ICMP,542,Echo (ping) request,116/29696,126 (reply in 1263)
1263,1242.737498,192.168.100.2,192.168.200.2,ICMP,542,Echo (ping) reply,116/29696,128 (request in 1262)
1265,1243.750148,192.168.200.2,192.168.100.2,ICMP,542,Echo (ping) request,117/29952,126 (reply in 1266)
1266,1243.750203,192.168.100.2,192.168.200.2,ICMP,542,Echo (ping) reply,117/29952,128 (request in 1265)
1268,1244.755828,192.168.200.2,192.168.100.2,ICMP,542,Echo (ping) request,118/30208,126 (reply in 1269)
1269,1244.755887,192.168.100.2,192.168.200.2,ICMP,542,Echo (ping) reply,118/30208,128 (request in 1268)
1272,1245.767771,192.168.200.2,192.168.100.2,ICMP,542,Echo (ping) request,119/30464,126 (reply in 1273)
1273,1245.767825,192.168.100.2,192.168.200.2,ICMP,542,Echo (ping) reply,119/30464,128 (request in 1272)
1275,1246.779572,192.168.200.2,192.168.100.2,ICMP,542,Echo (ping) request,120/30720,126 (reply in 1276)
1276,1246.779640,192.168.100.2,192.168.200.2,ICMP,542,Echo (ping) reply,120/30720,128 (request in 1275)
1277,1247.791858,192.168.200.2,192.168.100.2,ICMP,542,Echo (ping) request,121/30976,126 (reply in 1278)
1278,1247.791910,192.168.100.2,192.168.200.2,ICMP,542,Echo (ping) reply,121/30976,128 (request in 1277)
1280,1248.807761,192.168.200.2,192.168.100.2,ICMP,542,Echo (ping) request,122/31232,126 (reply in 1281)
1281,1248.807822,192.168.100.2,192.168.200.2,ICMP,542,Echo (ping) reply,122/31232,128 (request in 1280)
1282,1249.345640,192.168.100.2,192.168.200.1,ICMP,542,Echo (ping) request,207/52992,128 (reply in 1283)
1283,1249.348711,192.168.200.1,192.168.100.2,ICMP,542,Echo (ping) reply,207/52992,126 (request in 1282)
1284,1249.825159,192.168.200.2,192.168.100.2,ICMP,542,Echo (ping) request,123/31488,126 (reply in 1285)
1285,1249.825220,192.168.100.2,192.168.200.2,ICMP,542,Echo (ping) reply,123/31488,128 (request in 1284)
1287,1250.355747,192.168.100.2,192.168.200.1,ICMP,542,Echo (ping) request,208/53248,128 (reply in 1288)
1288,1250.358813,192.168.200.1,192.168.100.2,ICMP,542,Echo (ping) reply,208/53248,126 (request in 1287)
1289,1250.841036,192.168.200.2,192.168.100.2,ICMP,542,Echo (ping) request,124/31744,126 (reply in 1290)
1290,1250.841084,192.168.100.2,192.168.200.2,ICMP,542,Echo (ping) reply,124/31744,128 (request in 1289)
1291,1251.371393,192.168.100.2,192.168.200.1,ICMP,542,Echo (ping) request,209/53504,128 (reply in 1292)
1292,1251.374408,192.168.200.1,192.168.100.2,ICMP,542,Echo (ping) reply,209/53504,126 (request in 1291)
1293,1251.847246,192.168.200.2,192.168.100.2,ICMP,542,Echo (ping) request,125/32000,126 (reply in 1294)
1294,1251.847305,192.168.100.2,192.168.200.2,ICMP,542,Echo (ping) reply,125/32000,128 (request in 1293)
1296,1252.387011,192.168.100.2,192.168.200.1,ICMP,542,Echo (ping) request,210/53760,128 (reply in 1297)
1297,1252.390100,192.168.200.1,192.168.100.2,ICMP,542,Echo (ping) reply,210/53760,126 (request in 1296)
1300,1252.851203,192.168.200.2,192.168.100.2,ICMP,542,Echo (ping) request,126/32256,126 (reply in 1301)
1301,1252.851252,192.168.100.2,192.168.200.2,ICMP,542,Echo (ping) reply,126/32256,128 (request in 1300)
1303,1253.402680,192.168.100.2,192.168.200.1,ICMP,542,Echo (ping) request,211/54016,128 (reply in 1304)
1304,1253.405788,192.168.200.1,192.168.100.2,ICMP,542,Echo (ping) reply,211/54016,126 (request in 1303)
1305,1253.868296,192.168.200.2,192.168.100.2,ICMP,542,Echo (ping) request,127/32512,126 (reply in 1306)
1306,1253.868346,192.168.100.2,192.168.200.2,ICMP,542,Echo (ping) reply,127/32512,128 (request in 1305)
1308,1254.418301,192.168.100.2,192.168.200.1,ICMP,542,Echo (ping) request,212/54272,128 (reply in 1309)
1309,1254.421429,192.168.200.1,192.168.100.2,ICMP,542,Echo (ping) reply,212/54272,126 (request in 1308)
1310,1254.883793,192.168.200.2,192.168.100.2,ICMP,542,Echo (ping) request,128/32768,126 (reply in 1311)
1311,1254.883847,192.168.100.2,192.168.200.2,ICMP,542,Echo (ping) reply,128/32768,128 (request in 1310)
1312,1255.433945,192.168.100.2,192.168.200.1,ICMP,542,Echo (ping) request,213/54528,128 (reply in 1313)
1313,1255.437089,192.168.200.1,192.168.100.2,ICMP,542,Echo (ping) reply,213/54528,126 (request in 1312)
1314,1255.887930,192.168.200.2,192.168.100.2,ICMP,542,Echo (ping) request,129/33024,126 (reply in 1315)
1315,1255.887993,192.168.100.2,192.168.200.2,ICMP,542,Echo (ping) reply,129/33024,128 (request in 1314)
1317,1256.449573,192.168.100.2,192.168.200.1,ICMP,542,Echo (ping) request,214/54784,128 (reply in 1318)
1318,1256.452645,192.168.200.1,192.168.100.2,ICMP,542,Echo (ping) reply,214/54784,126 (request in 1317)
1319,1256.890402,192.168.200.2,192.168.100.2,ICMP,542,Echo (ping) request,130/33280,126 (reply in 1320)
1320,1256.890463,192.168.100.2,192.168.200.2,ICMP,542,Echo (ping) reply,130/33280,128 (request in 1319)
1321,1257.465211,192.168.100.2,192.168.200.1,ICMP,542,Echo (ping) request,215/55040,128 (reply in 1322)
1322,1257.468331,192.168.200.1,192.168.100.2,ICMP,542,Echo (ping) reply,215/55040,126 (request in 1321)
1323,1257.908198,192.168.200.2,192.168.100.2,ICMP,542,Echo (ping) request,131/33536,126 (reply in 1324)
1324,1257.908262,192.168.100.2,192.168.200.2,ICMP,542,Echo (ping) reply,131/33536,128 (request in 1323)
1326,1258.480848,192.168.100.2,192.168.200.1,ICMP,542,Echo (ping) request,216/55296,128 (reply in 1327)
1327,1258.483891,192.168.200.1,192.168.100.2,ICMP,542,Echo (ping) reply,216/55296,126 (request in 1326)
1328,1258.925999,192.168.200.2,192.168.100.2,ICMP,542,Echo (ping) request,132/33792,126 (reply in 1329)
1329,1258.926051,192.168.100.2,192.168.200.2,ICMP,542,Echo (ping) reply,132/33792,128 (request in 1328)
1330,1259.496455,192.168.100.2,192.168.200.1,ICMP,542,Echo (ping) request,217/55552,128 (reply in 1331)
1331,1259.499236,192.168.200.1,192.168.100.2,ICMP,542,Echo (ping) reply,217/55552,126 (request in 1330)
1332,1259.936455,192.168.200.2,192.168.100.2,ICMP,542,Echo (ping) request,133/34048,126 (reply in 1333)
1333,1259.936515,192.168.100.2,192.168.200.2,ICMP,542,Echo (ping) reply,133/34048,128 (request in 1332)
1335,1260.512091,192.168.100.2,192.168.200.1,ICMP,542,Echo (ping) request,218/55808,128 (reply in 1336)
1336,1260.515179,192.168.200.1,192.168.100.2,ICMP,542,Echo (ping) reply,218/55808,126 (request in 1335)
1337,1260.939551,192.168.200.2,192.168.100.2,ICMP,542,Echo (ping) request,134/34304,126 (reply in 1338)
1338,1260.939601,192.168.100.2,192.168.200.2,ICMP,542,Echo (ping) reply,134/34304,128 (request in 1337)
1339,1261.527729,192.168.100.2,192.168.200.1,ICMP,542,Echo (ping) request,219/56064,128 (reply in 1340)
1340,1261.530845,192.168.200.1,192.168.100.2,ICMP,542,Echo (ping) reply,219/56064,126 (request in 1339)
1341,1261.945312,192.168.200.2,192.168.100.2,ICMP,542,Echo (ping) request,135/34560,126 (reply in 1342)
1342,1261.945373,192.168.100.2,192.168.200.2,ICMP,542,Echo (ping) reply,135/34560,128 (request in 1341)
1344,1262.543364,192.168.100.2,192.168.200.1,ICMP,542,Echo (ping) request,220/56320,128 (reply in 1345)
1345,1262.546567,192.168.200.1,192.168.100.2,ICMP,542,Echo (ping) reply,220/56320,126 (request in 1344)
1346,1262.957911,192.168.200.2,192.168.100.2,ICMP,542,Echo (ping) request,136/34816,126 (reply in 1347)
1347,1262.957961,192.168.100.2,192.168.200.2,ICMP,542,Echo (ping) reply,136/34816,128 (request in 1346)
1349,1263.559003,192.168.100.2,192.168.200.1,ICMP,542,Echo (ping) request,221/56576,128 (reply in 1350)
1350,1263.562137,192.168.200.1,192.168.100.2,ICMP,542,Echo (ping) reply,221/56576,126 (request in 1349)
1351,1263.974993,192.168.200.2,192.168.100.2,ICMP,542,Echo (ping) request,137/35072,126 (reply in 1352)
1352,1263.975055,192.168.100.2,192.168.200.2,ICMP,542,Echo (ping) reply,137/35072,128 (request in 1351)
1354,1264.574680,192.168.100.2,192.168.200.1,ICMP,542,Echo (ping) request,222/56832,128 (reply in 1355)
1355,1264.577903,192.168.200.1,192.168.100.2,ICMP,542,Echo (ping) reply,222/56832,126 (request in 1354)
1356,1264.987080,192.168.200.2,192.168.100.2,ICMP,542,Echo (ping) request,138/35328,126 (reply in 1357)
1357,1264.987140,192.168.100.2,192.168.200.2,ICMP,542,Echo (ping) reply,138/35328,128 (request in 1356)
1358,1265.590308,192.168.100.2,192.168.200.1,ICMP,542,Echo (ping) request,223/57088,128 (reply in 1359)
1359,1265.593359,192.168.200.1,192.168.100.2,ICMP,542,Echo (ping) reply,223/57088,126 (request in 1358)
1360,1266.003174,192.168.200.2,192.168.100.2,ICMP,542,Echo (ping) request,139/35584,126 (reply in 1361)
1361,1266.003226,192.168.100.2,192.168.200.2,ICMP,542,Echo (ping) reply,139/35584,128 (request in 1360)
1363,1266.605967,192.168.100.2,192.168.200.1,ICMP,542,Echo (ping) request,224/57344,128 (reply in 1364)
1364,1266.609035,192.168.200.1,192.168.100.2,ICMP,542,Echo (ping) reply,224/57344,126 (request in 1363)
1365,1267.018623,192.168.200.2,192.168.100.2,ICMP,542,Echo (ping) request,140/35840,126 (reply in 1366)
1366,1267.018684,192.168.100.2,192.168.200.2,ICMP,542,Echo (ping) reply,140/35840,128 (request in 1365)
1367,1267.621549,192.168.100.2,192.168.200.1,ICMP,542,Echo (ping) request,225/57600,128 (reply in 1368)
1368,1267.624580,192.168.200.1,192.168.100.2,ICMP,542,Echo (ping) reply,225/57600,126 (request in 1367)
1369,1268.026469,192.168.200.2,192.168.100.2,ICMP,542,Echo (ping) request,141/36096,126 (reply in 1370)
1370,1268.026529,192.168.100.2,192.168.200.2,ICMP,542,Echo (ping) reply,141/36096,128 (request in 1369)
1372,1268.637209,192.168.100.2,192.168.200.1,ICMP,542,Echo (ping) request,226/57856,128 (reply in 1373)
1373,1268.640448,192.168.200.1,192.168.100.2,ICMP,542,Echo (ping) reply,226/57856,126 (request in 1372)
1374,1269.041797,192.168.200.2,192.168.100.2,ICMP,542,Echo (ping) request,142/36352,126 (reply in 1375)
1375,1269.041859,192.168.100.2,192.168.200.2,ICMP,542,Echo (ping) reply,142/36352,128 (request in 1374)
1376,1269.652826,192.168.100.2,192.168.200.1,ICMP,542,Echo (ping) request,227/58112,128 (reply in 1377)
1377,1269.655916,192.168.200.1,192.168.100.2,ICMP,542,Echo (ping) reply,227/58112,126 (request in 1376)
1379,1270.052778,192.168.200.2,192.168.100.2,ICMP,542,Echo (ping) request,143/36608,126 (reply in 1380)
1380,1270.052840,192.168.100.2,192.168.200.2,ICMP,542,Echo (ping) reply,143/36608,128 (request in 1379)
1381,1270.668478,192.168.100.2,192.168.200.1,ICMP,542,Echo (ping) request,228/58368,128 (reply in 1382)
1382,1270.671505,192.168.200.1,192.168.100.2,ICMP,542,Echo (ping) reply,228/58368,126 (request in 1381)
1383,1271.068647,192.168.200.2,192.168.100.2,ICMP,542,Echo (ping) request,144/36864,126 (reply in 1384)
1384,1271.068707,192.168.100.2,192.168.200.2,ICMP,542,Echo (ping) reply,144/36864,128 (request in 1383)
1385,1271.684117,192.168.100.2,192.168.200.1,ICMP,542,Echo (ping) request,229/58624,128 (reply in 1386)
1386,1271.687309,192.168.200.1,192.168.100.2,ICMP,542,Echo (ping) reply,229/58624,126 (request in 1385)
1388,1272.080588,192.168.200.2,192.168.100.2,ICMP,542,Echo (ping) request,145/37120,126 (reply in 1389)
1389,1272.080647,192.168.100.2,192.168.200.2,ICMP,542,Echo (ping) reply,145/37120,128 (request in 1388)
1390,1272.699749,192.168.100.2,192.168.200.1,ICMP,542,Echo (ping) request,230/58880,128 (reply in 1391)
1391,1272.702786,192.168.200.1,192.168.100.2,ICMP,542,Echo (ping) reply,230/58880,126 (request in 1390)
1393,1273.715372,192.168.100.2,192.168.200.1,ICMP,542,Echo (ping) request,231/59136,128 (reply in 1394)
1394,1273.718556,192.168.200.1,192.168.100.2,ICMP,542,Echo (ping) reply,231/59136,126 (request in 1393)
1396,1274.731008,192.168.100.2,192.168.200.1,ICMP,542,Echo (ping) request,232/59392,128 (reply in 1397)
1397,1274.734094,192.168.200.1,192.168.100.2,ICMP,542,Echo (ping) reply,232/59392,126 (request in 1396)
1400,1275.746680,192.168.100.2,192.168.200.1,ICMP,542,Echo (ping) request,233/59648,128 (reply in 1401)
1401,1275.749791,192.168.200.1,192.168.100.2,ICMP,542,Echo (ping) reply,233/59648,126 (request in 1400)
1403,1276.762254,192.168.100.2,192.168.200.1,ICMP,542,Echo (ping) request,234/59904,128 (reply in 1404)
1404,1276.765334,192.168.200.1,192.168.100.2,ICMP,542,Echo (ping) reply,234/59904,126 (request in 1403)
1405,1277.777955,192.168.100.2,192.168.200.1,ICMP,542,Echo (ping) request,235/60160,128 (reply in 1406)
1406,1277.781043,192.168.200.1,192.168.100.2,ICMP,542,Echo (ping) reply,235/60160,126 (request in 1405)
1408,1278.793553,192.168.100.2,192.168.200.1,ICMP,542,Echo (ping) request,236/60416,128 (reply in 1409)
1409,1278.796662,192.168.200.1,192.168.100.2,ICMP,542,Echo (ping) reply,236/60416,126 (request in 1408)
1410,1279.762373,192.168.100.1,192.168.100.2,ICMP,942,Echo (ping) request,214/54784,128 (reply in 1411)
1411,1279.762438,192.168.100.2,192.168.100.1,ICMP,942,Echo (ping) reply,214/54784,128 (request in 1410)
1412,1279.809207,192.168.100.2,192.168.200.1,ICMP,542,Echo (ping) request,237/60672,128 (reply in 1413)
1413,1279.812334,192.168.200.1,192.168.100.2,ICMP,542,Echo (ping) reply,237/60672,126 (request in 1412)
1415,1280.769432,192.168.100.1,192.168.100.2,ICMP,942,Echo (ping) request,215/55040,128 (reply in 1416)
1416,1280.769485,192.168.100.2,192.168.100.1,ICMP,942,Echo (ping) reply,215/55040,128 (request in 1415)
1417,1280.824825,192.168.100.2,192.168.200.1,ICMP,542,Echo (ping) request,238/60928,128 (reply in 1418)
1418,1280.827976,192.168.200.1,192.168.100.2,ICMP,542,Echo (ping) reply,238/60928,126 (request in 1417)
1419,1281.785087,192.168.100.1,192.168.100.2,ICMP,942,Echo (ping) request,216/55296,128 (reply in 1420)
1420,1281.785139,192.168.100.2,192.168.100.1,ICMP,942,Echo (ping) reply,216/55296,128 (request in 1419)
1421,1281.840467,192.168.100.2,192.168.200.1,ICMP,542,Echo (ping) request,239/61184,128 (reply in 1422)
1422,1281.843536,192.168.200.1,192.168.100.2,ICMP,542,Echo (ping) reply,239/61184,126 (request in 1421)
1426,1282.800712,192.168.100.1,192.168.100.2,ICMP,942,Echo (ping) request,217/55552,128 (reply in 1427)
1427,1282.800765,192.168.100.2,192.168.100.1,ICMP,942,Echo (ping) reply,217/55552,128 (request in 1426)
1428,1282.856142,192.168.100.2,192.168.200.1,ICMP,542,Echo (ping) request,240/61440,128 (reply in 1429)
1429,1282.859241,192.168.200.1,192.168.100.2,ICMP,542,Echo (ping) reply,240/61440,126 (request in 1428)
1431,1283.816427,192.168.100.1,192.168.100.2,ICMP,942,Echo (ping) request,218/55808,128 (reply in 1432)
1432,1283.816479,192.168.100.2,192.168.100.1,ICMP,942,Echo (ping) reply,218/55808,128 (request in 1431)
1433,1283.871779,192.168.100.2,192.168.200.1,ICMP,542,Echo (ping) request,241/61696,128 (reply in 1434)
1434,1283.874873,192.168.200.1,192.168.100.2,ICMP,542,Echo (ping) reply,241/61696,126 (request in 1433)
1440,1284.887379,192.168.100.2,192.168.200.1,ICMP,542,Echo (ping) request,242/61952,128 (reply in 1441)
1441,1284.890495,192.168.200.1,192.168.100.2,ICMP,542,Echo (ping) reply,242/61952,126 (request in 1440)
1442,1285.903016,192.168.100.2,192.168.200.1,ICMP,542,Echo (ping) request,243/62208,128 (reply in 1443)
1443,1285.906127,192.168.200.1,192.168.100.2,ICMP,542,Echo (ping) reply,243/62208,126 (request in 1442)
1452,1296.337265,192.168.100.2,192.168.100.1,ICMP,942,Echo (ping) request,244/62464,128 (reply in 1453)
1453,1296.339441,192.168.100.1,192.168.100.2,ICMP,942,Echo (ping) reply,244/62464,128 (request in 1452)
1454,1297.340680,192.168.100.2,192.168.100.1,ICMP,942,Echo (ping) request,245/62720,128 (reply in 1455)
1455,1297.342837,192.168.100.1,192.168.100.2,ICMP,942,Echo (ping) reply,245/62720,128 (request in 1454)
1457,1298.356334,192.168.100.2,192.168.100.1,ICMP,942,Echo (ping) request,246/62976,128 (reply in 1458)
1458,1298.358499,192.168.100.1,192.168.100.2,ICMP,942,Echo (ping) reply,246/62976,128 (request in 1457)
1459,1299.371980,192.168.100.2,192.168.100.1,ICMP,942,Echo (ping) request,247/63232,128 (reply in 1460)
1460,1299.374142,192.168.100.1,192.168.100.2,ICMP,942,Echo (ping) reply,247/63232,128 (request in 1459)
1462,1300.387583,192.168.100.2,192.168.100.1,ICMP,942,Echo (ping) request,248/63488,128 (reply in 1463)
1463,1300.389674,192.168.100.1,192.168.100.2,ICMP,942,Echo (ping) reply,248/63488,128 (request in 1462)
1464,1301.403232,192.168.100.2,192.168.100.1,ICMP,942,Echo (ping) request,249/63744,128 (reply in 1465)
1465,1301.405464,192.168.100.1,192.168.100.2,ICMP,942,Echo (ping) reply,249/63744,128 (request in 1464)
1467,1302.418880,192.168.100.2,192.168.100.1,ICMP,942,Echo (ping) request,250/64000,128 (reply in 1468)
1468,1302.420974,192.168.100.1,192.168.100.2,ICMP,942,Echo (ping) reply,250/64000,128 (request in 1467)
1470,1303.434473,192.168.100.2,192.168.100.1,ICMP,942,Echo (ping) request,251/64256,128 (reply in 1471)
1471,1303.436640,192.168.100.1,192.168.100.2,ICMP,942,Echo (ping) reply,251/64256,128 (request in 1470)
1473,1304.450111,192.168.100.2,192.168.100.1,ICMP,942,Echo (ping) request,252/64512,128 (reply in 1474)
1474,1304.452218,192.168.100.1,192.168.100.2,ICMP,942,Echo (ping) reply,252/64512,128 (request in 1473)
1477,1305.465749,192.168.100.2,192.168.100.1,ICMP,942,Echo (ping) request,253/64768,128 (reply in 1478)
1478,1305.467983,192.168.100.1,192.168.100.2,ICMP,942,Echo (ping) reply,253/64768,128 (request in 1477)
1480,1306.481442,192.168.100.2,192.168.100.1,ICMP,942,Echo (ping) request,254/65024,128 (reply in 1481)
1481,1306.483611,192.168.100.1,192.168.100.2,ICMP,942,Echo (ping) reply,254/65024,128 (request in 1480)
1482,1307.497079,192.168.100.2,192.168.100.1,ICMP,942,Echo (ping) request,255/65280,128 (reply in 1483)
1483,1307.499263,192.168.100.1,192.168.100.2,ICMP,942,Echo (ping) reply,255/65280,128 (request in 1482)
